{
  "n_rows_merged": 240,
  "n_features": 15,
  "linear": {
    "rmse": 0.12486369552555056,
    "r2": 0.9807300666345181
  },
  "xgboost": {
    "rmse": 0.11333233377772778,
    "r2": 0.9841249351474358
  },
  "timestamp": "20251125T152125Z"
}