{"o3": 1772536125.046183, "pm10": 1772536143.6505957, "no2": 1772536158.7668633, "aqi": 1772537553.7397997}